FAT_YEARMONTH,FAT_DAY,FAT_TIME,FATALITY_ID,EVENT_ID,FATALITY_TYPE,FATALITY_DATE,FATALITY_AGE,FATALITY_SEX,FATALITY_LOCATION,EVENT_YEARMONTH
201708,22,0,33794,718677,D,08/22/2017 0:00:00,56,M,Vehicle/Towed Trailer,201708
201708,25,0,33949,718519,I,08/25/2017 0:00:00,39,M,Mobile/Trailer Home,201708
201708,26,0,34438,723471,D,08/26/2017 0:00:00,76,F,Vehicle/Towed Trailer,201708
201708,26,0,37330,720861,D,08/26/2017 0:00:00,76,F,Vehicle/Towed Trailer,201708
201708,26,0,33739,710616,D,08/26/2017 0:00:00,61,M,Outside/Open Areas,201708
201708,26,0,33837,719445,D,08/26/2017 0:00:00,24,M,Outside/Open Areas,201708
201708,27,0,34456,723471,D,08/27/2017 0:00:00,62,M,In Water,201708
201708,27,0,34440,723471,D,08/27/2017 0:00:00,89,F,Permanent Home,201708
201708,27,0,34437,723471,D,08/27/2017 0:00:00,64,M,Permanent Structure,201708
201708,27,0,34468,723471,D,08/27/2017 0:00:00,48,F,Permanent Structure,201708
201708,27,0,34441,723471,D,08/27/2017 0:00:00,60,M,Vehicle/Towed Trailer,201708
201708,27,0,34467,723471,D,08/27/2017 0:00:00,43,M,Vehicle/Towed Trailer,201708
201708,27,0,34753,720852,D,08/27/2017 0:00:00,63,M,In Water,201708
201708,27,0,37348,720861,D,08/27/2017 0:00:00,62,M,In Water,201708
201708,27,0,37332,720861,D,08/27/2017 0:00:00,89,F,Permanent Home,201708
201708,27,0,37329,720861,D,08/27/2017 0:00:00,64,M,Permanent Structure,201708
201708,27,0,37360,720861,D,08/27/2017 0:00:00,48,F,Permanent Structure,201708
201708,27,0,37333,720861,D,08/27/2017 0:00:00,60,M,Vehicle/Towed Trailer,201708
201708,27,0,37359,720861,D,08/27/2017 0:00:00,43,M,Vehicle/Towed Trailer,201708
201708,27,0,34832,720871,D,08/27/2017 0:00:00,54,M,In Water,201708
201708,27,0,34833,720871,D,08/27/2017 0:00:00,59,M,In Water,201708
201708,27,0,34834,720871,D,08/27/2017 0:00:00,83,M,In Water,201708
201708,27,0,34835,720871,I,08/27/2017 0:00:00,69,F,Permanent Home,201708
201708,27,0,34918,728390,D,08/27/2017 0:00:00,1,F,Vehicle/Towed Trailer,201708
201708,27,0,34919,728390,D,08/27/2017 0:00:00,64,M,Vehicle/Towed Trailer,201708
201708,27,0,33952,710655,D,08/27/2017 0:00:00,73,M,Vehicle/Towed Trailer,201708
201708,28,0,34458,723471,D,08/28/2017 0:00:00,73,F,In Water,201708
201708,28,0,34460,723471,D,08/28/2017 0:00:00,67,M,In Water,201708
201708,28,0,34439,723471,D,08/28/2017 0:00:00,45,M,Vehicle/Towed Trailer,201708
201708,28,0,37350,720861,D,08/28/2017 0:00:00,73,F,In Water,201708
201708,28,0,37352,720861,D,08/28/2017 0:00:00,67,M,In Water,201708
201708,28,0,37331,720861,D,08/28/2017 0:00:00,45,M,Vehicle/Towed Trailer,201708
201708,28,0,34915,728349,D,08/28/2017 0:00:00,61,M,In Water,201708
201708,28,0,34917,728349,I,08/28/2017 0:00:00,,,Outside/Open Areas,201708
201708,28,0,34914,728349,D,08/28/2017 0:00:00,60,F,Permanent Structure,201708
201708,28,0,34916,728349,D,08/28/2017 0:00:00,33,M,Vehicle/Towed Trailer,201708
201708,28,0,34920,728390,D,08/28/2017 0:00:00,69,M,In Water,201708
201708,28,0,33848,719489,D,08/28/2017 0:00:00,1,,Permanent Home,201708
201708,29,0,34446,723471,D,08/29/2017 0:00:00,33,M,Boating,201708
201708,29,0,34447,723471,D,08/29/2017 0:00:00,45,M,Boating,201708
201708,29,0,34442,723471,D,08/29/2017 0:00:00,65,M,In Water,201708
201708,29,0,34443,723471,D,08/29/2017 0:00:00,42,M,In Water,201708
201708,29,0,34444,723471,D,08/29/2017 0:00:00,54,M,In Water,201708
201708,29,0,34445,723471,D,08/29/2017 0:00:00,25,M,In Water,201708
201708,29,0,34462,723471,D,08/29/2017 0:00:00,66,M,In Water,201708
201708,29,0,34464,723471,D,08/29/2017 0:00:00,29,F,In Water,201708
201708,29,0,34473,723471,I,08/29/2017 0:00:00,82,M,Vehicle/Towed Trailer,201708
201708,29,0,34474,723471,I,08/29/2017 0:00:00,38,F,Vehicle/Towed Trailer,201708
201708,29,0,34459,723471,D,08/29/2017 0:00:00,58,M,In Water,201708
201708,29,0,37338,720861,D,08/29/2017 0:00:00,33,M,Boating,201708
201708,29,0,37339,720861,D,08/29/2017 0:00:00,45,M,Boating,201708
201708,29,0,37334,720861,D,08/29/2017 0:00:00,65,M,In Water,201708
201708,29,0,37335,720861,D,08/29/2017 0:00:00,42,M,In Water,201708
201708,29,0,37336,720861,D,08/29/2017 0:00:00,54,M,In Water,201708
201708,29,0,37337,720861,D,08/29/2017 0:00:00,25,M,In Water,201708
201708,29,0,37351,720861,D,08/29/2017 0:00:00,58,M,In Water,201708
201708,29,0,37354,720861,D,08/29/2017 0:00:00,66,M,In Water,201708
201708,29,0,37356,720861,D,08/29/2017 0:00:00,29,F,In Water,201708
201708,29,0,37365,720861,I,08/29/2017 0:00:00,82,M,Vehicle/Towed Trailer,201708
201708,29,0,37366,720861,I,08/29/2017 0:00:00,38,F,Vehicle/Towed Trailer,201708
201708,29,0,34837,720871,I,08/29/2017 0:00:00,80,F,Permanent Home,201708
201708,29,0,34921,728395,D,08/29/2017 0:00:00,83,F,Vehicle/Towed Trailer,201708
201708,29,0,34505,723646,D,08/29/2017 0:00:00,83,F,Vehicle/Towed Trailer,201708
201708,29,0,34506,723647,D,08/29/2017 0:00:00,83,F,Vehicle/Towed Trailer,201708
201708,29,0,34523,723649,D,08/29/2017 0:00:00,83,F,Vehicle/Towed Trailer,201708
201708,29,0,34517,723650,D,08/29/2017 0:00:00,83,F,Vehicle/Towed Trailer,201708
201708,29,0,34518,723651,D,08/29/2017 0:00:00,83,F,Vehicle/Towed Trailer,201708
201708,29,0,34519,723652,D,08/29/2017 0:00:00,83,F,Vehicle/Towed Trailer,201708
201708,29,0,34525,723653,D,08/29/2017 0:00:00,83,F,Vehicle/Towed Trailer,201708
201708,29,0,34521,723654,D,08/29/2017 0:00:00,83,F,Vehicle/Towed Trailer,201708
201708,29,0,34522,723655,D,08/29/2017 0:00:00,83,F,Vehicle/Towed Trailer,201708
201708,29,0,34524,723656,D,08/29/2017 0:00:00,83,F,Vehicle/Towed Trailer,201708
201708,29,0,34526,723657,D,08/29/2017 0:00:00,83,F,Vehicle/Towed Trailer,201708
201708,29,0,34529,723658,D,08/29/2017 0:00:00,83,F,Vehicle/Towed Trailer,201708
201708,29,0,34531,723659,D,08/29/2017 0:00:00,83,F,Vehicle/Towed Trailer,201708
201708,29,0,33950,718519,I,08/29/2017 0:00:00,67,F,Permanent Home,201708
201708,29,0,33772,717840,D,08/29/2017 0:00:00,59,F,Permanent Home,201708
201708,29,0,33891,719342,D,08/29/2017 0:00:00,41,F,In Water,201708
201708,29,0,33844,719489,D,08/29/2017 0:00:00,82,F,In Water,201708
201708,29,0,33850,719494,D,08/29/2017 0:00:00,67,M,In Water,201708
201708,30,0,34465,723471,D,08/30/2017 0:00:00,25,M,Boating,201708
201708,30,0,34466,723471,D,08/30/2017 0:00:00,31,M,Boating,201708
201708,30,0,34461,723471,D,08/30/2017 0:00:00,49,M,In Water,201708
201708,30,0,34450,723471,D,08/30/2017 0:00:00,81,F,Vehicle/Towed Trailer,201708
201708,30,0,34451,723471,D,08/30/2017 0:00:00,84,M,Vehicle/Towed Trailer,201708
201708,30,0,34452,723471,D,08/30/2017 0:00:00,8,M,Vehicle/Towed Trailer,201708
201708,30,0,34453,723471,D,08/30/2017 0:00:00,14,M,Vehicle/Towed Trailer,201708
201708,30,0,34454,723471,D,08/30/2017 0:00:00,6,F,Vehicle/Towed Trailer,201708
201708,30,0,34455,723471,D,08/30/2017 0:00:00,16,F,Vehicle/Towed Trailer,201708
201708,30,0,34463,723471,D,08/30/2017 0:00:00,32,F,Vehicle/Towed Trailer,201708
201708,30,0,34751,720852,D,08/30/2017 0:00:00,65,M,Vehicle/Towed Trailer,201708
201708,30,0,34752,720852,D,08/30/2017 0:00:00,58,F,Vehicle/Towed Trailer,201708
201708,30,0,37357,720861,D,08/30/2017 0:00:00,25,M,Boating,201708
201708,30,0,37358,720861,D,08/30/2017 0:00:00,31,M,Boating,201708
201708,30,0,37353,720861,D,08/30/2017 0:00:00,49,M,In Water,201708
201708,30,0,37342,720861,D,08/30/2017 0:00:00,81,F,Vehicle/Towed Trailer,201708
201708,30,0,37343,720861,D,08/30/2017 0:00:00,84,M,Vehicle/Towed Trailer,201708
201708,30,0,37344,720861,D,08/30/2017 0:00:00,8,M,Vehicle/Towed Trailer,201708
201708,30,0,37345,720861,D,08/30/2017 0:00:00,14,M,Vehicle/Towed Trailer,201708
201708,30,0,37346,720861,D,08/30/2017 0:00:00,6,F,Vehicle/Towed Trailer,201708
201708,30,0,37347,720861,D,08/30/2017 0:00:00,16,F,Vehicle/Towed Trailer,201708
201708,30,0,37355,720861,D,08/30/2017 0:00:00,32,F,Vehicle/Towed Trailer,201708
201708,30,0,33892,719342,D,08/30/2017 0:00:00,69,M,In Water,201708
201708,30,0,33839,719489,D,08/30/2017 0:00:00,75,M,In Water,201708
201708,30,0,33842,719489,D,08/30/2017 0:00:00,77,M,In Water,201708
201708,30,0,33845,719489,D,08/30/2017 0:00:00,19,M,Permanent Home,201708
201708,30,0,33846,719489,D,08/30/2017 0:00:00,,M,Permanent Home,201708
201708,30,0,33847,719489,D,08/30/2017 0:00:00,87,M,Permanent Home,201708
201708,30,0,33852,719497,D,08/30/2017 0:00:00,61,F,Vehicle/Towed Trailer,201708
201708,30,0,33885,719740,D,08/30/2017 0:00:00,51,M,Vehicle/Towed Trailer,201708
201708,31,0,34448,723471,D,08/31/2017 0:00:00,40,M,Boating,201708
201708,31,0,34449,723471,D,08/31/2017 0:00:00,33,M,Boating,201708
201708,31,0,34457,723471,D,08/31/2017 0:00:00,24,M,In Water,201708
201708,31,0,34471,723471,D,08/31/2017 0:00:00,58,M,In Water,201708
201708,31,0,37340,720861,D,08/31/2017 0:00:00,40,M,Boating,201708
201708,31,0,37341,720861,D,08/31/2017 0:00:00,33,M,Boating,201708
201708,31,0,37349,720861,D,08/31/2017 0:00:00,24,M,In Water,201708
201708,31,0,37362,720861,D,08/31/2017 0:00:00,58,M,In Water,201708
201708,31,0,33893,719342,D,08/31/2017 0:00:00,,F,In Water,201708
201708,31,0,33895,719342,D,08/31/2017 0:00:00,,F,In Water,201708
201708,31,0,33840,719489,D,08/31/2017 0:00:00,54,M,In Water,201708
201708,31,0,33841,719489,D,08/31/2017 0:00:00,55,M,In Water,201708
201708,31,0,33843,719489,D,08/31/2017 0:00:00,73,F,In Water,201708
201708,31,0,33851,719497,D,08/31/2017 0:00:00,68,M,In Water,201708
201708,31,0,33884,719740,D,08/31/2017 0:00:00,43,F,Vehicle/Towed Trailer,201708
201708,31,0,33894,719342,D,08/31/2017 0:00:00,88,F,In Water,201708