STATE,COUNTY,RISK_VALUE,RISK_SCORE,RISK_RATNG,SOVI_SCORE,SOVI_RATNG,RESL_SCORE,RESL_RATNG,RESL_SPCTL,RESL_VALUE,CRF_VALUE
Texas,Anderson,17074046.14,76.80559975,Relatively Low,84.27999878,Very High,21.47999954,Relatively Low,0.4448818898,2.481422901,1.370186479
Texas,Andrews,4613645.292,38.97550111,Very Low,64.19000244,Relatively High,10.78999996,Very Low,0.2716535433,2.422904015,1.308992364
Texas,Angelina,22155461.64,81.67356029,Relatively Low,98.88999939,Very High,31.95000076,Relatively Low,0.594488189,2.525665045,1.499265329
Texas,Aransas,26302975.92,84.50524976,Relatively Moderate,93.76000214,Very High,46.34000015,Relatively Moderate,0.811023622,2.584145069,1.181438352
Texas,Archer,2781837.452,21.38084633,Very Low,23.01000023,Relatively Low,28.57999992,Relatively Low,0.5354330709,2.511451006,1.119484804
Texas,Armstrong,1675610.08,10.65860643,Very Low,13.56000042,Very Low,57.09999847,Relatively Moderate,0.9094488189,2.624214888,1.051217079
Texas,Atascosa,10535469.28,65.92427617,Relatively Low,78.76999664,Relatively High,23.06999969,Relatively Low,0.4724409449,2.489444017,1.423911057
Texas,Austin,9743878.629,63.60165447,Relatively Low,76.12999725,Relatively High,43.59999847,Relatively Moderate,0.7677165354,2.571257114,1.399178234
Texas,Bailey,6247914.224,49.72955775,Relatively Low,79.27999878,Relatively High,4.170000076,Very Low,0.1377952756,2.358145952,1.431921547
Texas,Bandera,6555824.377,51.70219535,Relatively Low,61.04000092,Relatively High,29.03000069,Relatively Low,0.5393700787,2.513520002,1.251969827
Texas,Bastrop,18694979.59,78.58733694,Relatively Low,80.08000183,Very High,35.95999908,Relatively Low,0.657480315,2.541260004,1.255466187
Texas,Baylor,2181830.248,15.71746739,Very Low,30.87000084,Relatively Low,42.70999908,Relatively Moderate,0.7598425197,2.568089962,1.175141405
Texas,Bee,20388849.69,80.30544066,Relatively Low,94.72000122,Very High,11.01000023,Very Low,0.2755905512,2.423852921,1.518420627
Texas,Bell,63285384.54,92.65033408,Relatively Moderate,92.13999939,Very High,50.59999847,Relatively Moderate,0.8582677165,2.599749088,1.26963503
Texas,Bexar,250804252.4,98.28189628,Relatively High,92.48999786,Very High,38.63999939,Relatively Low,0.7165354331,2.552403927,1.343978911
Texas,Blanco,4921983.868,41.42538976,Very Low,32.97000122,Relatively Low,50.34999847,Relatively Moderate,0.8543307087,2.598869085,1.197090092
Texas,Borden,1606497.046,10.08590519,Very Low,33.95999908,Relatively Low,5.03000021,Very Low,0.1653543307,2.370378017,1.184193015
Texas,Bosque,4331321.351,36.78014636,Very Low,64.86000061,Relatively High,35.25999832,Relatively Low,0.6456692913,2.538674116,1.282077591
Texas,Bowie,22373463.34,81.86446071,Relatively Low,85.80999756,Very High,43.72999954,Relatively Moderate,0.7755905512,2.571382046,1.233238201
Texas,Brazoria,375730913.5,99.1091314,Relatively High,61.74000168,Relatively High,71.70999908,Relatively High,0.9645669291,2.680048943,1.175315613
Texas,Brazos,27367945.1,85.23703468,Relatively Moderate,81.31999969,Very High,44.72000122,Relatively Moderate,0.7874015748,2.575525999,1.124262849
Texas,Brewster,10793798.06,66.68787782,Relatively Low,78.48999786,Relatively High,22.44000053,Relatively Low,0.4606299213,2.486269951,1.507428811
Texas,Briscoe,2676067.618,20.23544384,Very Low,51.97000122,Relatively Moderate,18.68000031,Very Low,0.405511811,2.466017008,1.268728018
Texas,Brooks,7176362.418,55.17021954,Relatively Low,97.63999939,Very High,0.9900000095,Very Low,0.03543307087,2.260412931,1.819092141
Texas,Brown,13508856.69,72.4785237,Relatively Low,78.55000305,Relatively High,49.45999908,Relatively Moderate,0.8503937008,2.595495939,1.279149789
Texas,Burleson,3134858.999,24.91250398,Very Low,52.25999832,Relatively Moderate,30.29999924,Relatively Low,0.5669291339,2.518503904,1.198012567
Texas,Burnet,20242378.11,80.14635698,Relatively Low,60.75999832,Relatively High,42.38999939,Relatively Moderate,0.7559055118,2.566361904,1.209411954
Texas,Caldwell,22655032.12,81.99172765,Relatively Low,90.55000305,Very High,17.60000038,Very Low,0.374015748,2.461796045,1.429698021
Texas,Calhoun,27170284.65,85.14158447,Relatively Moderate,73.93000031,Relatively High,75.43000031,Relatively High,0.9763779528,2.695156097,1.304761644
Texas,Callahan,3371845.974,27.74419345,Very Low,27.78000069,Relatively Low,47.06999969,Relatively Moderate,0.8228346457,2.587065935,1.202625722
Texas,Cameron,271688662.1,98.47279669,Relatively High,98.27999878,Very High,7.860000134,Very Low,0.2125984252,2.400382042,1.635066161
Texas,Camp,7227804.309,55.36111995,Relatively Low,87.16999817,Very High,27.12000084,Relatively Low,0.5157480315,2.505575895,1.517074908
Texas,Carson,8704439.273,60.61088132,Relatively Low,3.789999962,Very Low,68.83999634,Relatively High,0.9606299213,2.669298887,0.9308361164
Texas,Cass,7399343.053,56.09290487,Relatively Low,83.93000031,Very High,31.86000061,Relatively Low,0.5905511811,2.525446892,1.418161875
Texas,Castro,4613824.866,39.07095132,Very Low,84.08999634,Very High,3.440000057,Very Low,0.1141732283,2.345514059,1.368035217
Texas,Chambers,43441165.51,89.75501114,Relatively Moderate,47.41999817,Relatively Moderate,91.87999725,Very High,1,2.7792449,1.161559468
Texas,Cherokee,9277453.454,62.32898505,Relatively Low,94.94000244,Very High,24.86000061,Relatively Low,0.4881889764,2.496486902,1.496577975
Texas,Childress,26237401.38,84.40979955,Relatively Moderate,71.80000305,Relatively High,13.07999992,Very Low,0.3228346457,2.438249111,1.167697537
Texas,Clay,4399355.438,37.48011454,Very Low,22.95000076,Relatively Low,36.38000107,Relatively Low,0.6692913386,2.54332304,1.112853811
Texas,Cochran,4200625.045,35.63474388,Very Low,90.26000214,Very High,2.799999952,Very Low,0.0905511811,2.330837965,1.851038694
Texas,Coke,2400805.808,17.37193764,Very Low,49.24000168,Relatively Moderate,19.98999977,Very Low,0.4173228346,2.473206043,1.260135522
Texas,Coleman,3265538.795,26.66242444,Very Low,61.16999817,Relatively High,38,Relatively Low,0.7007874016,2.550184011,1.337520945
Texas,Collin,425035543,99.26821508,Relatively High,29.30999947,Relatively Low,49.16999817,Relatively Moderate,0.842519685,2.59444499,0.9708870508
Texas,Collingsworth,5891159.38,47.78873688,Very Low,96.23999786,Very High,4.650000095,Very Low,0.1496062992,2.366705894,1.860052824
Texas,Colorado,11776949.9,69.48775056,Relatively Low,73.38999939,Relatively High,45.06999969,Relatively Moderate,0.7952755906,2.576699972,1.422200457
Texas,Comal,46785038.52,90.35952911,Relatively Moderate,29.92000008,Relatively Low,76.34999847,Relatively High,0.9803149606,2.698873043,1.074323893
Texas,Comanche,8267439.701,59.24276169,Relatively Low,69.12999725,Relatively High,17.21999931,Very Low,0.3700787402,2.459006071,1.367670688
Texas,Concho,1186337.986,6.58606427,Very Low,49.86999893,Relatively Moderate,2.289999962,Very Low,0.07874015748,2.321980953,1.451395631
Texas,Cooke,25244149.86,83.67801464,Relatively Moderate,63.93999863,Relatively High,32.18000031,Relatively Low,0.6062992126,2.526211023,1.255296203
Texas,Coryell,13047903.97,71.9376392,Relatively Low,81.59999847,Very High,30.89999962,Relatively Low,0.5787401575,2.521616936,1.233676682
Texas,Cottle,1705833.77,10.94495705,Very Low,86.51000214,Very High,7.190000057,Very Low,0.2007874016,2.393829107,1.582522869
Texas,Crane,403400.4445,1.177219217,Very Low,63.88000107,Relatively High,2.930000067,Very Low,0.09842519685,2.334423065,1.535809159
Texas,Crockett,1817804.458,11.99490932,Very Low,70.26999664,Relatively High,15.56000042,Very Low,0.3582677165,2.450805902,1.482809186
Texas,Crosby,4828695.066,40.85268851,Very Low,92.77999878,Very High,14.26000023,Very Low,0.342519685,2.444502115,1.68280445
Texas,Culberson,2121267.658,15.04931594,Very Low,98.5,Very High,1.269999981,Very Low,0.04724409449,2.28241992,1.964412928
Texas,Dallam,5585805.744,46.00699968,Very Low,63.04999924,Relatively High,1.340000033,Very Low,0.05118110236,2.283719063,1.288926878
Texas,Dallas,378068717.6,99.14094814,Relatively High,88.98999786,Very High,11.10999966,Very Low,0.2795275591,2.424433947,1.309287598
Texas,Dawson,4670111.286,39.45275215,Very Low,99.08000183,Very High,11.14000034,Very Low,0.2834645669,2.424566031,1.436261598
Texas,Deaf Smith,10428519.9,65.44702514,Relatively Low,76.54000092,Relatively High,13.77999973,Very Low,0.3307086614,2.440984011,1.545842059
Texas,Delta,1755431.965,11.2631244,Very Low,35.04000092,Relatively Low,45.18999863,Relatively Moderate,0.7992125984,2.577299118,1.124393521
Texas,Denton,246132701.3,98.25007954,Relatively High,34.47000122,Relatively Low,48.27999878,Relatively Moderate,0.8346456693,2.591084003,0.9816322123
Texas,DeWitt,32539879.01,87.08240535,Relatively Moderate,87.40000153,Very High,40.86999893,Relatively Moderate,0.7401574803,2.559910059,1.442964461
Texas,Dickens,2333495.179,16.73560293,Very Low,88.29000092,Very High,11.86999989,Very Low,0.2992125984,2.429883003,1.640960574
Texas,Dimmit,3769538.087,31.53038498,Very Low,100,Very High,4.550000191,Very Low,0.1417322835,2.365470886,1.836818851
Texas,Donley,3337768.352,27.29875915,Very Low,33.83000183,Relatively Low,20.07999992,Relatively Low,0.4212598425,2.473385096,1.062261055
Texas,Duval,2677938.521,20.29907731,Very Low,98.25,Very High,6.840000153,Very Low,0.1968503937,2.389699936,1.758804045
Texas,Eastland,6975462.035,53.99300032,Relatively Low,82.37000275,Very High,26.12999916,Relatively Low,0.4960629921,2.500536919,1.365085829
Texas,Ector,26846054.77,84.85523385,Relatively Moderate,89.84999847,Very High,13.90999985,Very Low,0.3346456693,2.442636013,1.423751257
Texas,Edwards,1382591.041,7.763283487,Very Low,67.34999847,Relatively High,9.640000343,Very Low,0.2480314961,2.41465497,1.407050848
Texas,Ellis,16998832.32,76.71014954,Relatively Low,53.34000015,Relatively Moderate,60.95000076,Relatively High,0.9291338583,2.640439987,1.17599788
Texas,El Paso,83938377.44,94.33662106,Relatively Moderate,98.02999878,Very High,8.149999619,Very Low,0.2204724409,2.402337074,1.596062711
Texas,Erath,16979407.09,76.6783328,Relatively Low,79.98000336,Relatively High,33.58000183,Relatively Low,0.625984252,2.532180071,1.197237324
Texas,Falls,4015382.877,33.98027362,Very Low,99.05000305,Very High,12.47999954,Very Low,0.3070866142,2.43522501,1.556158905
Texas,Fannin,13697420.56,72.70124085,Relatively Low,56.81000137,Relatively Moderate,35.22999954,Relatively Low,0.6417322835,2.538506985,1.261312096
Texas,Fayette,6833594.48,53.22939866,Relatively Low,45.34999847,Relatively Moderate,56.77999878,Relatively Moderate,0.905511811,2.622878075,1.151336986
Texas,Fisher,1528050.339,9.354120267,Very Low,24.40999985,Relatively Low,59.38999939,Relatively Moderate,0.9212598425,2.6340909,1.202744563
Texas,Floyd,22659250.83,82.02354438,Relatively Low,76.16000366,Relatively High,38.41999817,Relatively Low,0.7086614173,2.55151391,1.45300753
Texas,Foard,829992.3282,3.849825008,Very Low,68.80999756,Relatively High,16.32999992,Very Low,0.3661417323,2.454301119,1.408149838
Texas,Fort Bend,355439502.3,99.07731467,Relatively High,45.13000107,Relatively Moderate,56.43000031,Relatively Moderate,0.8897637795,2.622013092,1.04703664
Texas,Franklin,4711909.893,39.80273624,Very Low,43.09000015,Relatively Moderate,62.70000076,Relatively High,0.937007874,2.647932053,1.085239778
Texas,Freestone,4435800.255,37.73464843,Very Low,84.72000122,Very High,20.53000069,Relatively Low,0.4330708661,2.476258993,1.341054424
Texas,Frio,4996796.418,41.96627426,Very Low,98.37999725,Very High,3.059999943,Very Low,0.1062992126,2.336894035,1.655351154
Texas,Gaines,15141897.16,74.7056952,Relatively Low,75.83999634,Relatively High,1.720000029,Very Low,0.05905511811,2.303261995,1.544177787
Texas,Galveston,553807380.9,99.52274897,Relatively High,73.51999664,Relatively High,90.36000061,Very High,0.9960629921,2.76761198,1.116541538
Texas,Garza,4569675.757,38.59370029,Very Low,63.59000015,Relatively High,0.5099999905,Very Low,0.02755905512,2.197721958,1.512656094
Texas,Gillespie,7903299.698,58.03372574,Relatively Low,59.22999954,Relatively Moderate,51.75,Relatively Moderate,0.8700787402,2.604379892,1.255848038
Texas,Glasscock,1888895.894,12.5994273,Very Low,35.20000076,Relatively Low,1.809999943,Very Low,0.06692913386,2.304430962,1.159043074
Texas,Goliad,6356123.405,50.33407572,Relatively Low,54.29999924,Relatively Moderate,29.46999931,Relatively Low,0.5511811024,2.51504302,1.397799442
Texas,Gonzales,35366237,88.00509068,Relatively Moderate,88.66999817,Very High,23.57999992,Relatively Low,0.4842519685,2.491731882,1.590875891
Texas,Gray,11051055.67,67.38784601,Relatively Low,77.58999634,Relatively High,30.78000069,Relatively Low,0.5748031496,2.520648003,1.333889283
Texas,Grayson,24880079.58,83.48711422,Relatively Moderate,67.41000366,Relatively High,49.43000031,Relatively Moderate,0.8464566929,2.595376015,1.225624011
Texas,Gregg,38126303.01,88.64142539,Relatively Moderate,91.27999878,Very High,36.15999985,Relatively Low,0.6653543307,2.542290926,1.385096178
Texas,Grimes,11346747.87,68.24689787,Relatively Low,87.48999786,Very High,22.60000038,Relatively Low,0.4645669291,2.486896992,1.305538163
Texas,Guadalupe,46005831.04,90.20044543,Relatively Moderate,53.31000137,Relatively Moderate,59.06999969,Relatively Moderate,0.9133858268,2.633099079,1.159287871
Texas,Hale,17061793.26,76.77378301,Relatively Low,93.12999725,Very High,29.92000008,Relatively Low,0.562992126,2.516720057,1.51447147
Texas,Hall,4607592.995,38.91186764,Very Low,90.44999695,Very High,5.190000057,Very Low,0.1732283465,2.371568918,1.843733907
Texas,Hamilton,3495053.66,28.9532294,Very Low,58.81999969,Relatively Moderate,33.22999954,Relatively Low,0.6181102362,2.530268908,1.309205664
Texas,Hansford,5808718.417,47.1842189,Very Low,76.37999725,Relatively High,3.019999981,Very Low,0.1023622047,2.335562944,1.50517185
Texas,Hardeman,1294437.527,7.286032453,Very Low,64.44999695,Relatively High,15.02000046,Very Low,0.3503937008,2.44759798,1.558315396
Texas,Hardin,25515840.51,83.80528158,Relatively Moderate,48.88999939,Relatively Moderate,46.5,Relatively Moderate,0.8149606299,2.585160971,1.20611379
Texas,Harris,2940135130,99.96818326,Very High,89.52999878,Very High,12.72999954,Very Low,0.3149606299,2.435952902,1.324294473
Texas,Harrison,14697840.55,74.2602609,Relatively Low,89.58999634,Very High,37.20999908,Relatively Low,0.688976378,2.546504021,1.378974975
Texas,Hartley,6537067.434,51.60674515,Relatively Low,59.63999939,Relatively Moderate,3.410000086,Very Low,0.1102362205,2.345388889,1.426300049
Texas,Haskell,2941888.913,23.13076678,Very Low,93.86000061,Very High,20.23999977,Relatively Low,0.4251968504,2.474407911,1.648881916
Texas,Hays,76769979.6,93.9230035,Relatively Moderate,65.84999847,Relatively High,62.88999939,Relatively High,0.9409448819,2.64812994,1.241705956
Texas,Hemphill,6949677.053,53.86573338,Relatively Low,69.41000366,Relatively High,5.760000229,Very Low,0.188976378,2.3777349,1.653835058
Texas,Henderson,14291748.19,73.65574292,Relatively Low,85.90000153,Very High,12.94999981,Very Low,0.3188976378,2.437535048,1.314917037
Texas,Hidalgo,315076807.3,98.75914731,Relatively High,98.81999969,Very High,1.149999976,Very Low,0.04330708661,2.274452925,1.74146618
Texas,Hill,11311056,68.15144766,Relatively Low,87.80999756,Very High,40.54999924,Relatively Moderate,0.7283464567,2.559310913,1.357958205
Texas,Hockley,11852554.18,69.71046771,Relatively Low,93.94999695,Very High,29.65999985,Relatively Low,0.5551181102,2.515670061,1.456906975
Texas,Hood,17198741.62,76.99650016,Relatively Low,45.45000076,Relatively Moderate,51.72000122,Relatively Moderate,0.8661417323,2.604321957,1.113034728
Texas,Hopkins,13527321.28,72.51034044,Relatively Low,68.01000214,Relatively High,37.36000061,Relatively Low,0.6929133858,2.546777964,1.331545639
Texas,Houston,5520941.45,45.52974865,Very Low,94.65000153,Very High,10.43999958,Very Low,0.2637795276,2.420655012,1.411840612
Texas,Howard,12117671.36,70.41043589,Relatively Low,90.95999908,Very High,15.52999973,Very Low,0.3543307087,2.450721025,1.31964869
Texas,Hudspeth,1218802.351,6.681514477,Very Low,99.97000122,Very High,0,Very Low,0.003937007874,1.810037017,1.994027257
Texas,Hunt,28761410.88,85.93700286,Relatively Moderate,88.41999817,Very High,39.72000122,Relatively Low,0.7204724409,2.55668807,1.372750151
Texas,Hutchinson,13778220.72,72.86032453,Relatively Low,45,Relatively Moderate,45.29000092,Relatively Moderate,0.8031496063,2.578128099,1.244402438
Texas,Irion,2070771.593,14.63569838,Very Low,37.45999908,Relatively Low,18.64999962,Very Low,0.4015748031,2.465962887,1.120861173
Texas,Jack,3170428.659,25.54883869,Very Low,81.66999817,Very High,12.25,Very Low,0.3031496063,2.433373928,1.340526391
Texas,Jackson,35453076.29,88.03690741,Relatively Moderate,76.44999695,Relatively High,38.02999878,Relatively Low,0.7047244094,2.550231934,1.405231861
Texas,Jasper,17061731.75,76.74196627,Relatively Low,94.23999786,Very High,17.72999954,Very Low,0.3779527559,2.462285995,1.436210661
Texas,Jeff Davis,2543097.009,18.77187401,Very Low,60.43999863,Relatively High,14.06999969,Very Low,0.3385826772,2.443684101,1.326329827
Texas,Jefferson,214980067.8,97.74101177,Relatively High,95.54000092,Very High,68.01000214,Relatively High,0.9566929134,2.666325092,1.33024067
Texas,Jim Hogg,940585.3906,4.645243398,Very Low,96.79000092,Very High,1.909999967,Very Low,0.07086614173,2.30654192,1.887621487
Texas,Jim Wells,30879147.84,86.63697105,Relatively Moderate,86.27999878,Very High,20.43000031,Relatively Low,0.4291338583,2.475547075,1.444647562
Texas,Johnson,45543493.94,90.10499523,Relatively Moderate,61.08000183,Relatively High,41.79000092,Relatively Moderate,0.7480314961,2.563770056,1.17369876
Texas,Jones,5852315.812,47.50238626,Very Low,63.61999893,Relatively High,44.68000031,Relatively Moderate,0.7834645669,2.575165987,1.300302223
Texas,Karnes,10338613.63,65.22430799,Relatively Low,84.69000244,Very High,35.58000183,Relatively Low,0.6535433071,2.539784908,1.324716408
Texas,Kaufman,17077323.28,76.83741648,Relatively Low,70.08000183,Relatively High,50.72999954,Relatively Moderate,0.8622047244,2.600543022,1.196787838
Texas,Kendall,9798862.072,63.79255488,Relatively Low,22.44000053,Relatively Low,72.41000366,Relatively High,0.968503937,2.682120085,1.081237766
Texas,Kenedy,1319212.046,7.349665924,Very Low,66.48999786,Relatively High,0.4099999964,Very Low,0.02362204724,2.167336941,1.688010454
Texas,Kent,654173.4668,2.640789055,Very Low,17.30999947,Very Low,33.74000168,Relatively Low,0.6299212598,2.533128977,1.015855074
Texas,Kerr,10944077.42,67.22876233,Relatively Low,78.41999817,Relatively High,34.68999863,Relatively Low,0.6338582677,2.536500931,1.342804969
Texas,Kimble,5588225.981,46.03881642,Very Low,62.70000076,Relatively High,21.29000092,Relatively Low,0.4409448819,2.480355024,1.192402303
Texas,King,319471.5305,0.7636016545,Very Low,32.15000153,Relatively Low,4.139999866,Very Low,0.1338582677,2.356554031,1.121561408
Texas,Kinney,445404.3157,1.559020045,Very Low,71.31999969,Relatively High,1.049999952,Very Low,0.03937007874,2.264512062,1.540501714
Texas,Kleberg,27849260.18,85.65065224,Relatively Moderate,98.76000214,Very High,41.47000122,Relatively Moderate,0.7440944882,2.562608957,1.468875043
Texas,Knox,2561598.44,19.15367483,Very Low,73.38999939,Relatively High,29.19000053,Relatively Low,0.5472440945,2.514029026,1.479324098
Texas,Lamar,23114118.05,82.34171174,Relatively Low,85.23000336,Very High,37.00999832,Relatively Low,0.6850393701,2.545721054,1.344788345
Texas,Lamb,10166491.98,64.81069042,Relatively Low,88.48000336,Very High,29.72999954,Relatively Low,0.5590551181,2.515871048,1.562080449
Texas,Lampasas,4066483.319,34.45752466,Very Low,70.01999664,Relatively High,41.91999817,Relatively Moderate,0.7519685039,2.564182043,1.205359445
Texas,La Salle,1649671.937,10.40407254,Very Low,86.79000092,Very High,3.599999905,Very Low,0.1181102362,2.347999096,1.471834569
Texas,Lavaca,13690815.06,72.66942412,Relatively Low,58.11999893,Relatively Moderate,64.31999969,Relatively High,0.9488188976,2.65301609,1.252165233
Texas,Lee,4610123.445,38.94368438,Very Low,70.30999756,Relatively High,40.66999817,Relatively Moderate,0.7362204724,2.559740067,1.293983671
Texas,Leon,4081519.214,34.64842507,Very Low,72.94999695,Relatively High,10.27999973,Very Low,0.2598425197,2.419471979,1.337710019
Texas,Liberty,54133007.01,91.63219854,Relatively Moderate,97.87000275,Very High,25.53000069,Relatively Low,0.4921259843,2.498949051,1.508936038
Texas,Limestone,4784604.727,40.47088769,Very Low,94.13999939,Very High,13.43000031,Very Low,0.3267716535,2.43909502,1.516517755
Texas,Lipscomb,3900482.541,32.96213808,Very Low,65.05000305,Relatively High,4.739999771,Very Low,0.1535433071,2.367386103,1.489910028
Texas,Live Oak,3944007.619,33.28030544,Very Low,79.94999695,Relatively High,4.809999943,Very Low,0.157480315,2.367732048,1.392638098
Texas,Llano,11428378.76,68.56506522,Relatively Low,66.51999664,Relatively High,19.92000008,Very Low,0.4133858268,2.47290206,1.168007734
Texas,Loving,35741.26592,0.0318167356,Very Low,13.34000015,Very Low,0.349999994,Very Low,0.01968503937,2.140418053,0.9210190177
Texas,Lubbock,114866115,95.73655743,Relatively High,82.69000244,Very High,65.94999695,Relatively High,0.9527559055,2.659410954,1.168854949
Texas,Lynn,4784343.15,40.43907095,Very Low,83.44999695,Very High,26.45000076,Relatively Low,0.5039370079,2.502142906,1.388209235
Texas,McCulloch,1589349.584,9.990454979,Very Low,77.81999969,Relatively High,35.38999939,Relatively Low,0.6496062992,2.539030075,1.320704652
Texas,McLennan,46910034.05,90.39134585,Relatively Moderate,91.44000244,Very High,55.72999954,Relatively Moderate,0.8858267717,2.620079994,1.29479061
Texas,McMullen,475943.7393,1.718103723,Very Low,72.01999664,Relatively High,18.45999908,Very Low,0.3937007874,2.464745998,1.425833821
Texas,Madison,5663281.054,46.42061724,Very Low,83.19999695,Very High,9.069999695,Very Low,0.2401574803,2.41030097,1.447007138
Texas,Marion,2043644.812,14.38116449,Very Low,70.43000031,Relatively High,17.95000076,Very Low,0.3818897638,2.462958097,1.372615605
Texas,Martin,2843405.979,21.88991409,Very Low,39.31000137,Relatively Low,21.61000061,Relatively Low,0.4488188976,2.481730938,1.181425289
Texas,Mason,1529981.013,9.385937003,Very Low,43.72999954,Relatively Moderate,36.81999969,Relatively Low,0.6771653543,2.545150042,1.185099681
Texas,Matagorda,43973638.81,89.78682787,Relatively Moderate,93.41000366,Very High,44.97000122,Relatively Moderate,0.7913385827,2.576448917,1.349061349
Texas,Maverick,8557592.081,60.16544703,Relatively Low,98.22000122,Very High,0.7300000191,Very Low,0.03149606299,2.237704992,1.887922638
Texas,Medina,12471390.75,70.95132039,Relatively Low,74.62999725,Relatively High,31,Relatively Low,0.5826771654,2.521842003,1.254019069
Texas,Menard,1448919.575,8.367801464,Very Low,77.01999664,Relatively High,3.849999905,Very Low,0.125984252,2.351727009,1.597710609
Texas,Midland,36851038.74,88.3868915,Relatively Moderate,66.13999939,Relatively High,30.32999992,Relatively Low,0.5708661417,2.518878937,1.152801071
Texas,Milam,7856690.064,57.81100859,Relatively Low,88.05999756,Very High,32.36999893,Relatively Low,0.6102362205,2.526648045,1.460401296
Texas,Mills,1178750.702,6.522430799,Very Low,59.93000031,Relatively Moderate,32.04999924,Relatively Low,0.5984251969,2.525998116,1.26213478
Texas,Mitchell,4081287.997,34.61660834,Very Low,56.56000137,Relatively Moderate,14.31999969,Very Low,0.3464566929,2.444595098,1.357740542
Texas,Montague,8882175.543,61.05631562,Relatively Low,67.76000214,Relatively High,28.42000008,Relatively Low,0.5275590551,2.51078701,1.232552536
Texas,Montgomery,152092453.2,96.72287623,Relatively High,52.93000031,Relatively Moderate,38.56999969,Relatively Low,0.7125984252,2.551839113,1.068129808
Texas,Moore,11212377.43,67.92873051,Relatively Low,80.01000214,Very High,10.14999962,Very Low,0.2559055118,2.418526888,1.342823274
Texas,Morris,23838674.76,82.78714604,Relatively Low,79.15000153,Relatively High,52.86000061,Relatively Moderate,0.874015748,2.608781099,1.354720074
Texas,Motley,1418917.489,8.081450843,Very Low,44.45999908,Relatively Moderate,12.53999996,Very Low,0.311023622,2.435297012,1.285257459
Texas,Nacogdoches,73737483.69,93.70028635,Relatively Moderate,99.65000153,Very High,22.97999954,Relatively Low,0.468503937,2.488981962,1.342729742
Texas,Navarro,26435448.72,84.56888323,Relatively Moderate,95.80000305,Very High,26.82999992,Relatively Low,0.5118110236,2.503696918,1.526001406
Texas,Newton,5898015.195,47.82055361,Very Low,85.95999908,Very High,3.720000029,Very Low,0.1220472441,2.350929976,1.423940792
Texas,Nolan,7944396.091,58.22462615,Relatively Low,97.06999969,Very High,43.66999817,Relatively Moderate,0.7716535433,2.571326017,1.456664551
Texas,Nueces,191757090.6,97.55011136,Relatively High,92.33000183,Very High,76.69999695,Relatively High,0.9842519685,2.699934959,1.2601639
Texas,Ochiltree,6025000.598,48.64778874,Relatively Low,81.08999634,Very High,2.670000076,Very Low,0.08661417323,2.328526974,1.31541174
Texas,Oldham,1127397.804,6.108813236,Very Low,15.27999973,Very Low,47.29000092,Relatively Moderate,0.8307086614,2.588275909,1.086815357
Texas,Orange,144023864.5,96.56379255,Relatively High,62.06000137,Relatively High,63.75,Relatively High,0.9448818898,2.651253939,1.253792817
Texas,Palo Pinto,8456688.889,59.7836462,Relatively Low,78.87000275,Relatively High,36.54000092,Relatively Low,0.6732283465,2.543860912,1.256580271
Texas,Panola,7419319.372,56.25198855,Relatively Low,69.54000092,Relatively High,36.09000015,Relatively Low,0.6614173228,2.542243004,1.305276647
Texas,Parker,35131760.94,87.90964047,Relatively Moderate,31.15999985,Relatively Low,48.65999985,Relatively Moderate,0.8385826772,2.592236042,1.07231275
Texas,Parmer,15589507.88,75.11931276,Relatively Low,57.47999954,Relatively Moderate,11.68000031,Very Low,0.2952755906,2.427849054,1.54269445
Texas,Pecos,2379267.344,17.21285396,Very Low,91.15000153,Very High,4.110000134,Very Low,0.1299212598,2.356548071,1.400715977
Texas,Polk,23044414.54,82.2144448,Relatively Low,94.52999878,Very High,18.07999992,Very Low,0.3858267717,2.463624001,1.484538867
Texas,Potter,50403026.81,91.09131403,Relatively Moderate,97.73999786,Very High,29.12000084,Relatively Low,0.5433070866,2.513828993,1.405181516
Texas,Presidio,2525250.171,18.61279033,Very Low,99.94000244,Very High,0.02999999933,Very Low,0.007874015748,1.949785948,1.979903476
Texas,Rains,3417703.585,28.31689469,Very Low,41.15000153,Relatively Moderate,28.04000092,Relatively Low,0.5236220472,2.509573936,1.252484103
Texas,Randall,44576605.19,89.94591155,Relatively Moderate,35.84000015,Relatively Low,60.84999847,Relatively High,0.9251968504,2.640319109,1.033774267
Texas,Reagan,1309769.057,7.317849189,Very Low,49.36000061,Relatively Moderate,5.789999962,Very Low,0.1929133858,2.377841949,1.364450693
Texas,Real,3836065.356,32.16671969,Very Low,81.05999756,Very High,4.610000134,Very Low,0.1456692913,2.366311073,1.591441154
Texas,Red River,3238513.333,26.31244034,Very Low,65.08999634,Relatively High,26.51000023,Relatively Low,0.5078740157,2.502260923,1.260822667
Texas,Reeves,4706772.768,39.7709195,Very Low,90.41999817,Very High,2.200000048,Very Low,0.07480314961,2.318203926,1.602355929
Texas,Refugio,9716352.648,63.50620426,Relatively Low,92.90000153,Very High,33.45000076,Relatively Low,0.6220472441,2.531425953,1.497252736
Texas,Roberts,852967.0247,3.97709195,Very Low,11.39000034,Very Low,35.06999969,Relatively Low,0.6377952756,2.538286924,0.9429346919
Texas,Robertson,4725135.967,39.86636971,Very Low,85.68000031,Very High,31.54000092,Relatively Low,0.5866141732,2.524126053,1.37372746
Texas,Rockwall,19931854.02,79.82818963,Relatively Low,14.06999969,Very Low,74.41000366,Relatively High,0.9724409449,2.690576077,0.8619902938
Texas,Runnels,2848327.331,21.9853643,Very Low,54.29999924,Relatively Moderate,45.61000061,Relatively Moderate,0.8070866142,2.580061913,1.206018934
Texas,Rusk,10220584.27,65.03340757,Relatively Low,79.79000092,Relatively High,23.42000008,Relatively Low,0.4803149606,2.490956068,1.392295237
Texas,Sabine,3274914.48,26.88514158,Very Low,52.38999939,Relatively Moderate,8.75,Very Low,0.2322834646,2.406965017,1.319513332
Texas,San Augustine,2911158.537,22.71714922,Very Low,93.88999939,Very High,5.440000057,Very Low,0.1850393701,2.374350071,1.488805885
Texas,San Jacinto,16671114.06,76.39198218,Relatively Low,72.30999756,Relatively High,8.880000114,Very Low,0.2362204724,2.408325911,1.291545303
Texas,San Patricio,40421801.12,89.15049316,Relatively Moderate,92.01000214,Very High,46.56000137,Relatively Moderate,0.8188976378,2.585376978,1.39488005
Texas,San Saba,2019714.141,13.93573019,Very Low,77.62999725,Relatively High,21.73999977,Relatively Low,0.4527559055,2.482059956,1.390807697
Texas,Schleicher,2012205.939,13.84027999,Very Low,70.69000244,Relatively High,11.17000008,Very Low,0.2874015748,2.424709082,1.410475016
Texas,Scurry,8461220.166,59.81546293,Relatively Low,76.98999786,Relatively High,16.04000092,Very Low,0.3622047244,2.453090906,1.494836266
Texas,Shackelford,3142702.386,25.03977092,Very Low,74.16000366,Relatively High,40.58000183,Relatively Moderate,0.7322834646,2.559326887,1.499762177
Texas,Shelby,13448047.59,72.41489023,Relatively Low,95.95999908,Very High,5.409999847,Very Low,0.1811023622,2.373522997,1.652619858
Texas,Sherman,4465951.084,37.8937321,Very Low,41.97999954,Relatively Moderate,1.559999943,Very Low,0.05511811024,2.298523903,1.453333616
Texas,Smith,9513829.438,63.12440344,Relatively Low,81.88999939,Very High,53.47000122,Relatively Moderate,0.8779527559,2.610995054,1.247759206
Texas,Somervell,3653545.282,30.41679924,Very Low,54.81000137,Relatively Moderate,76.98999786,Relatively High,0.9881889764,2.700742006,1.137885412
Texas,Starr,23882580.57,82.81896277,Relatively Moderate,98.59999847,Very High,0.3199999928,Very Low,0.0157480315,2.136900902,1.96156965
Texas,Stephens,2822615.91,21.73083042,Very Low,95.88999939,Very High,10.47000027,Very Low,0.2677165354,2.420799971,1.483762503
Texas,Sterling,1027208.614,5.504295259,Very Low,25.11000061,Relatively Low,18.39999962,Very Low,0.3897637795,2.464669943,1.06782186
Texas,Stonewall,1537874.596,9.576837416,Very Low,49.61999893,Relatively Moderate,40.41999817,Relatively Moderate,0.7244094488,2.558975935,1.305868864
Texas,Sutton,4727004.693,39.93000318,Very Low,74.94999695,Relatively High,7.889999866,Very Low,0.2165354331,2.400641918,1.659550309
Texas,Swisher,7640018.705,56.95195673,Relatively Low,97.95999908,Very High,7.670000076,Very Low,0.2086614173,2.397676945,1.474504437
Texas,Tarrant,325819213.6,98.82278078,Relatively High,74.76000214,Relatively High,26.31999969,Relatively Low,0.5,2.50138092,1.191938731
Texas,Taylor,25895420.47,84.12344893,Relatively Moderate,76.95999908,Relatively High,59.13000107,Relatively Moderate,0.9173228346,2.633577108,1.178539834
Texas,Terrell,355673.3766,0.8908685969,Very Low,16.20000076,Very Low,5.21999979,Very Low,0.1771653543,2.371615887,1.008838773
Texas,Terry,5506441.212,45.40248171,Very Low,98.69999695,Very High,8.180000305,Very Low,0.2244094488,2.402403116,1.532447794
Texas,Throckmorton,1172325.863,6.363347121,Very Low,40.20000076,Relatively Moderate,42.74000168,Relatively Moderate,0.7637795276,2.568156004,1.157464385
Texas,Titus,11357055.98,68.31053134,Relatively Low,87.23999786,Very High,21.06999969,Relatively Low,0.437007874,2.479171991,1.499680373
Texas,Tom Green,18803846.38,78.71460388,Relatively Low,82.62000275,Very High,62.47999954,Relatively High,0.9330708661,2.647304058,1.21176778
Texas,Travis,158145337.9,96.88195991,Relatively High,57.79999924,Relatively Moderate,56.75,Relatively Moderate,0.9015748031,2.622800112,1.081842987
Texas,Trinity,6358686.002,50.36589246,Relatively Low,91.98000336,Very High,7.639999866,Very Low,0.2047244094,2.397420883,1.501672372
Texas,Tyler,13980865.21,73.08304168,Relatively Low,91.30999756,Very High,8.5,Very Low,0.2283464567,2.404591084,1.402023013
Texas,Upshur,12204227.07,70.5058861,Relatively Low,69.31999969,Relatively High,32.43000031,Relatively Low,0.6141732283,2.526762009,1.284401772
Texas,Upton,1494477.701,8.845052498,Very Low,50.09999847,Relatively Moderate,11.61999989,Very Low,0.2913385827,2.427301884,1.266306581
Texas,Uvalde,12449633.84,70.85587019,Relatively Low,98.84999847,Very High,9.680000305,Very Low,0.2519685039,2.414911032,1.573305609
Texas,Val Verde,19532838.34,79.60547248,Relatively Low,98.66000366,Very High,5.159999847,Very Low,0.1692913386,2.371476889,1.539569894
Texas,Van Zandt,10128807.47,64.68342348,Relatively Low,57.91999817,Relatively Moderate,27.39999962,Relatively Low,0.5196850394,2.507085085,1.258850134
Texas,Victoria,56038378.65,91.95036589,Relatively Moderate,88.83000183,Very High,47.13999939,Relatively Moderate,0.8267716535,2.587435007,1.396017991
Texas,Walker,20615391.08,80.49634108,Relatively Low,84.12000275,Very High,19.29000092,Very Low,0.4094488189,2.469739914,1.324808126
Texas,Waller,19856392.47,79.76455616,Relatively Low,85.26000214,Very High,36.88999939,Relatively Low,0.6811023622,2.545260906,1.283162065
Texas,Ward,1535444.982,9.48138721,Very Low,73.13999939,Relatively High,9.130000114,Very Low,0.2440944882,2.410341024,1.451706075
Texas,Washington,13737026.02,72.76487432,Relatively Low,76.19000244,Relatively High,56.72000122,Relatively Moderate,0.8976377953,2.622776985,1.29570942
Texas,Webb,14072832.51,73.27394209,Relatively Low,97.70999908,Very High,2.859999895,Very Low,0.09448818898,2.331525087,1.667774162
Texas,Wharton,44313343.64,89.88227808,Relatively Moderate,95.09999847,Very High,44.52999878,Relatively Moderate,0.7795275591,2.574551105,1.526994219
Texas,Wheeler,6879271.12,53.51574928,Relatively Low,81.37999725,Very High,22.30999947,Relatively Low,0.4566929134,2.484662056,1.513785973
Texas,Wichita,23222923.79,82.46897868,Relatively Low,82.84999847,Very High,37.56000137,Relatively Low,0.6968503937,2.547827005,1.242314663
Texas,Wilbarger,6635242.372,52.17944639,Relatively Low,94.01999664,Very High,54.00999832,Relatively Moderate,0.8818897638,2.613436937,1.384370662
Texas,Willacy,26880795.87,84.88705059,Relatively Moderate,96.05000305,Very High,5,Very Low,0.1614173228,2.370362043,1.801016903
Texas,Williamson,33306911.36,87.43238944,Relatively Moderate,34.43999863,Relatively Low,79.12000275,Relatively High,0.9921259843,2.70925498,0.9676327057
Texas,Wilson,16846928.91,76.5828826,Relatively Low,40.36000061,Relatively Moderate,56.45999908,Relatively Moderate,0.8937007874,2.622097015,1.293454544
Texas,Winkler,623289.1744,2.577155584,Very Low,56.68000031,Relatively Moderate,18.62000084,Very Low,0.3976377953,2.46568799,1.269915563
Texas,Wise,19056152.55,79.06458797,Relatively Low,58.5,Relatively Moderate,28.48999977,Relatively Low,0.531496063,2.510881901,1.222834507
Texas,Wood,4318097.556,36.68469615,Very Low,70.55999756,Relatively High,23.22999954,Relatively Low,0.4763779528,2.490020037,1.27825878
Texas,Yoakum,6104847.67,48.90232262,Relatively Low,48.31000137,Relatively Moderate,1.779999971,Very Low,0.06299212598,2.304054022,1.482060197
Texas,Young,6337980.482,50.23862552,Relatively Low,53.90999985,Relatively Moderate,32.11000061,Relatively Low,0.6023622047,2.526113987,1.263223235
Texas,Zapata,2918551.621,22.8762329,Very Low,99.62000275,Very High,0.25,Very Low,0.01181102362,2.117193937,1.963005828
Texas,Zavala,5184271.951,43.46166083,Very Low,93.56999969,Very High,2.359999895,Very Low,0.08267716535,2.323245049,1.829299919
,,,,,,,,,,,
,,,,,,,,,,,
STATE,COUNTY,,,RISK_RATNG,,,,,,,CRF_VALUE
Texas,Anderson,,,Relatively Low,,,,,,,1.370186479
Texas,Andrews,,,Very Low,,,,,,,1.308992364
Texas,Angelina,,,Relatively Low,,,,,,,1.499265329
Texas,Aransas,,,Relatively Moderate,,,,,,,1.181438352
Texas,Archer,,,Very Low,,,,,,,1.119484804
Texas,Armstrong,,,Very Low,,,,,,,1.051217079
Texas,Atascosa,,,Relatively Low,,,,,,,1.423911057
Texas,Austin,,,Relatively Low,,,,,,,1.399178234
Texas,Bailey,,,Relatively Low,,,,,,,1.431921547
Texas,Bandera,,,Relatively Low,,,,,,,1.251969827
Texas,Bastrop,,,Relatively Low,,,,,,,1.255466187
Texas,Baylor,,,Very Low,,,,,,,1.175141405
Texas,Bee,,,Relatively Low,,,,,,,1.518420627
Texas,Bell,,,Relatively Moderate,,,,,,,1.26963503
Texas,Bexar,,,Relatively High,,,,,,,1.343978911
Texas,Blanco,,,Very Low,,,,,,,1.197090092
Texas,Borden,,,Very Low,,,,,,,1.184193015
Texas,Bosque,,,Very Low,,,,,,,1.282077591
Texas,Bowie,,,Relatively Low,,,,,,,1.233238201
Texas,Brazoria,,,Relatively High,,,,,,,1.175315613
Texas,Brazos,,,Relatively Moderate,,,,,,,1.124262849
Texas,Brewster,,,Relatively Low,,,,,,,1.507428811
Texas,Briscoe,,,Very Low,,,,,,,1.268728018
Texas,Brooks,,,Relatively Low,,,,,,,1.819092141
Texas,Brown,,,Relatively Low,,,,,,,1.279149789
Texas,Burleson,,,Very Low,,,,,,,1.198012567
Texas,Burnet,,,Relatively Low,,,,,,,1.209411954
Texas,Caldwell,,,Relatively Low,,,,,,,1.429698021
Texas,Calhoun,,,Relatively Moderate,,,,,,,1.304761644
Texas,Callahan,,,Very Low,,,,,,,1.202625722
Texas,Cameron,,,Relatively High,,,,,,,1.635066161
Texas,Camp,,,Relatively Low,,,,,,,1.517074908
Texas,Carson,,,Relatively Low,,,,,,,0.9308361164
Texas,Cass,,,Relatively Low,,,,,,,1.418161875
Texas,Castro,,,Very Low,,,,,,,1.368035217
Texas,Chambers,,,Relatively Moderate,,,,,,,1.161559468
Texas,Cherokee,,,Relatively Low,,,,,,,1.496577975
Texas,Childress,,,Relatively Moderate,,,,,,,1.167697537
Texas,Clay,,,Very Low,,,,,,,1.112853811
Texas,Cochran,,,Very Low,,,,,,,1.851038694
Texas,Coke,,,Very Low,,,,,,,1.260135522
Texas,Coleman,,,Very Low,,,,,,,1.337520945
Texas,Collin,,,Relatively High,,,,,,,0.9708870508
Texas,Collingsworth,,,Very Low,,,,,,,1.860052824
Texas,Colorado,,,Relatively Low,,,,,,,1.422200457
Texas,Comal,,,Relatively Moderate,,,,,,,1.074323893
Texas,Comanche,,,Relatively Low,,,,,,,1.367670688
Texas,Concho,,,Very Low,,,,,,,1.451395631
Texas,Cooke,,,Relatively Moderate,,,,,,,1.255296203
Texas,Coryell,,,Relatively Low,,,,,,,1.233676682
Texas,Cottle,,,Very Low,,,,,,,1.582522869
Texas,Crane,,,Very Low,,,,,,,1.535809159
Texas,Crockett,,,Very Low,,,,,,,1.482809186
Texas,Crosby,,,Very Low,,,,,,,1.68280445
Texas,Culberson,,,Very Low,,,,,,,1.964412928
Texas,Dallam,,,Very Low,,,,,,,1.288926878
Texas,Dallas,,,Relatively High,,,,,,,1.309287598
Texas,Dawson,,,Very Low,,,,,,,1.436261598
Texas,Deaf Smith,,,Relatively Low,,,,,,,1.545842059
Texas,Delta,,,Very Low,,,,,,,1.124393521
Texas,Denton,,,Relatively High,,,,,,,0.9816322123
Texas,DeWitt,,,Relatively Moderate,,,,,,,1.442964461
Texas,Dickens,,,Very Low,,,,,,,1.640960574
Texas,Dimmit,,,Very Low,,,,,,,1.836818851
Texas,Donley,,,Very Low,,,,,,,1.062261055
Texas,Duval,,,Very Low,,,,,,,1.758804045
Texas,Eastland,,,Relatively Low,,,,,,,1.365085829
Texas,Ector,,,Relatively Moderate,,,,,,,1.423751257
Texas,Edwards,,,Very Low,,,,,,,1.407050848
Texas,Ellis,,,Relatively Low,,,,,,,1.17599788
Texas,El Paso,,,Relatively Moderate,,,,,,,1.596062711
Texas,Erath,,,Relatively Low,,,,,,,1.197237324
Texas,Falls,,,Very Low,,,,,,,1.556158905
Texas,Fannin,,,Relatively Low,,,,,,,1.261312096
Texas,Fayette,,,Relatively Low,,,,,,,1.151336986
Texas,Fisher,,,Very Low,,,,,,,1.202744563
Texas,Floyd,,,Relatively Low,,,,,,,1.45300753
Texas,Foard,,,Very Low,,,,,,,1.408149838
Texas,Fort Bend,,,Relatively High,,,,,,,1.04703664
Texas,Franklin,,,Very Low,,,,,,,1.085239778
Texas,Freestone,,,Very Low,,,,,,,1.341054424
Texas,Frio,,,Very Low,,,,,,,1.655351154
Texas,Gaines,,,Relatively Low,,,,,,,1.544177787
Texas,Galveston,,,Relatively High,,,,,,,1.116541538
Texas,Garza,,,Very Low,,,,,,,1.512656094
Texas,Gillespie,,,Relatively Low,,,,,,,1.255848038
Texas,Glasscock,,,Very Low,,,,,,,1.159043074
Texas,Goliad,,,Relatively Low,,,,,,,1.397799442
Texas,Gonzales,,,Relatively Moderate,,,,,,,1.590875891
Texas,Gray,,,Relatively Low,,,,,,,1.333889283
Texas,Grayson,,,Relatively Moderate,,,,,,,1.225624011
Texas,Gregg,,,Relatively Moderate,,,,,,,1.385096178
Texas,Grimes,,,Relatively Low,,,,,,,1.305538163
Texas,Guadalupe,,,Relatively Moderate,,,,,,,1.159287871
Texas,Hale,,,Relatively Low,,,,,,,1.51447147
Texas,Hall,,,Very Low,,,,,,,1.843733907
Texas,Hamilton,,,Very Low,,,,,,,1.309205664
Texas,Hansford,,,Very Low,,,,,,,1.50517185
Texas,Hardeman,,,Very Low,,,,,,,1.558315396
Texas,Hardin,,,Relatively Moderate,,,,,,,1.20611379
Texas,Harris,,,Very High,,,,,,,1.324294473
Texas,Harrison,,,Relatively Low,,,,,,,1.378974975
Texas,Hartley,,,Relatively Low,,,,,,,1.426300049
Texas,Haskell,,,Very Low,,,,,,,1.648881916
Texas,Hays,,,Relatively Moderate,,,,,,,1.241705956
Texas,Hemphill,,,Relatively Low,,,,,,,1.653835058
Texas,Henderson,,,Relatively Low,,,,,,,1.314917037
Texas,Hidalgo,,,Relatively High,,,,,,,1.74146618
Texas,Hill,,,Relatively Low,,,,,,,1.357958205
Texas,Hockley,,,Relatively Low,,,,,,,1.456906975
Texas,Hood,,,Relatively Low,,,,,,,1.113034728
Texas,Hopkins,,,Relatively Low,,,,,,,1.331545639
Texas,Houston,,,Very Low,,,,,,,1.411840612
Texas,Howard,,,Relatively Low,,,,,,,1.31964869
Texas,Hudspeth,,,Very Low,,,,,,,1.994027257
Texas,Hunt,,,Relatively Moderate,,,,,,,1.372750151
Texas,Hutchinson,,,Relatively Low,,,,,,,1.244402438
Texas,Irion,,,Very Low,,,,,,,1.120861173
Texas,Jack,,,Very Low,,,,,,,1.340526391
Texas,Jackson,,,Relatively Moderate,,,,,,,1.405231861
Texas,Jasper,,,Relatively Low,,,,,,,1.436210661
Texas,Jeff Davis,,,Very Low,,,,,,,1.326329827
Texas,Jefferson,,,Relatively High,,,,,,,1.33024067
Texas,Jim Hogg,,,Very Low,,,,,,,1.887621487
Texas,Jim Wells,,,Relatively Moderate,,,,,,,1.444647562
Texas,Johnson,,,Relatively Moderate,,,,,,,1.17369876
Texas,Jones,,,Very Low,,,,,,,1.300302223
Texas,Karnes,,,Relatively Low,,,,,,,1.324716408
Texas,Kaufman,,,Relatively Low,,,,,,,1.196787838
Texas,Kendall,,,Relatively Low,,,,,,,1.081237766
Texas,Kenedy,,,Very Low,,,,,,,1.688010454
Texas,Kent,,,Very Low,,,,,,,1.015855074
Texas,Kerr,,,Relatively Low,,,,,,,1.342804969
Texas,Kimble,,,Very Low,,,,,,,1.192402303
Texas,King,,,Very Low,,,,,,,1.121561408
Texas,Kinney,,,Very Low,,,,,,,1.540501714
Texas,Kleberg,,,Relatively Moderate,,,,,,,1.468875043
Texas,Knox,,,Very Low,,,,,,,1.479324098
Texas,Lamar,,,Relatively Low,,,,,,,1.344788345
Texas,Lamb,,,Relatively Low,,,,,,,1.562080449
Texas,Lampasas,,,Very Low,,,,,,,1.205359445
Texas,La Salle,,,Very Low,,,,,,,1.471834569
Texas,Lavaca,,,Relatively Low,,,,,,,1.252165233
Texas,Lee,,,Very Low,,,,,,,1.293983671
Texas,Leon,,,Very Low,,,,,,,1.337710019
Texas,Liberty,,,Relatively Moderate,,,,,,,1.508936038
Texas,Limestone,,,Very Low,,,,,,,1.516517755
Texas,Lipscomb,,,Very Low,,,,,,,1.489910028
Texas,Live Oak,,,Very Low,,,,,,,1.392638098
Texas,Llano,,,Relatively Low,,,,,,,1.168007734
Texas,Loving,,,Very Low,,,,,,,0.9210190177
Texas,Lubbock,,,Relatively High,,,,,,,1.168854949
Texas,Lynn,,,Very Low,,,,,,,1.388209235
Texas,McCulloch,,,Very Low,,,,,,,1.320704652
Texas,McLennan,,,Relatively Moderate,,,,,,,1.29479061
Texas,McMullen,,,Very Low,,,,,,,1.425833821
Texas,Madison,,,Very Low,,,,,,,1.447007138
Texas,Marion,,,Very Low,,,,,,,1.372615605
Texas,Martin,,,Very Low,,,,,,,1.181425289
Texas,Mason,,,Very Low,,,,,,,1.185099681
Texas,Matagorda,,,Relatively Moderate,,,,,,,1.349061349
Texas,Maverick,,,Relatively Low,,,,,,,1.887922638
Texas,Medina,,,Relatively Low,,,,,,,1.254019069
Texas,Menard,,,Very Low,,,,,,,1.597710609
Texas,Midland,,,Relatively Moderate,,,,,,,1.152801071
Texas,Milam,,,Relatively Low,,,,,,,1.460401296
Texas,Mills,,,Very Low,,,,,,,1.26213478
Texas,Mitchell,,,Very Low,,,,,,,1.357740542
Texas,Montague,,,Relatively Low,,,,,,,1.232552536
Texas,Montgomery,,,Relatively High,,,,,,,1.068129808
Texas,Moore,,,Relatively Low,,,,,,,1.342823274
Texas,Morris,,,Relatively Low,,,,,,,1.354720074
Texas,Motley,,,Very Low,,,,,,,1.285257459
Texas,Nacogdoches,,,Relatively Moderate,,,,,,,1.342729742
Texas,Navarro,,,Relatively Moderate,,,,,,,1.526001406
Texas,Newton,,,Very Low,,,,,,,1.423940792
Texas,Nolan,,,Relatively Low,,,,,,,1.456664551
Texas,Nueces,,,Relatively High,,,,,,,1.2601639
Texas,Ochiltree,,,Relatively Low,,,,,,,1.31541174
Texas,Oldham,,,Very Low,,,,,,,1.086815357
Texas,Orange,,,Relatively High,,,,,,,1.253792817
Texas,Palo Pinto,,,Relatively Low,,,,,,,1.256580271
Texas,Panola,,,Relatively Low,,,,,,,1.305276647
Texas,Parker,,,Relatively Moderate,,,,,,,1.07231275
Texas,Parmer,,,Relatively Low,,,,,,,1.54269445
Texas,Pecos,,,Very Low,,,,,,,1.400715977
Texas,Polk,,,Relatively Low,,,,,,,1.484538867
Texas,Potter,,,Relatively Moderate,,,,,,,1.405181516
Texas,Presidio,,,Very Low,,,,,,,1.979903476
Texas,Rains,,,Very Low,,,,,,,1.252484103
Texas,Randall,,,Relatively Moderate,,,,,,,1.033774267
Texas,Reagan,,,Very Low,,,,,,,1.364450693
Texas,Real,,,Very Low,,,,,,,1.591441154
Texas,Red River,,,Very Low,,,,,,,1.260822667
Texas,Reeves,,,Very Low,,,,,,,1.602355929
Texas,Refugio,,,Relatively Low,,,,,,,1.497252736
Texas,Roberts,,,Very Low,,,,,,,0.9429346919
Texas,Robertson,,,Very Low,,,,,,,1.37372746
Texas,Rockwall,,,Relatively Low,,,,,,,0.8619902938
Texas,Runnels,,,Very Low,,,,,,,1.206018934
Texas,Rusk,,,Relatively Low,,,,,,,1.392295237
Texas,Sabine,,,Very Low,,,,,,,1.319513332
Texas,San Augustine,,,Very Low,,,,,,,1.488805885
Texas,San Jacinto,,,Relatively Low,,,,,,,1.291545303
Texas,San Patricio,,,Relatively Moderate,,,,,,,1.39488005
Texas,San Saba,,,Very Low,,,,,,,1.390807697
Texas,Schleicher,,,Very Low,,,,,,,1.410475016
Texas,Scurry,,,Relatively Low,,,,,,,1.494836266
Texas,Shackelford,,,Very Low,,,,,,,1.499762177
Texas,Shelby,,,Relatively Low,,,,,,,1.652619858
Texas,Sherman,,,Very Low,,,,,,,1.453333616
Texas,Smith,,,Relatively Low,,,,,,,1.247759206
Texas,Somervell,,,Very Low,,,,,,,1.137885412
Texas,Starr,,,Relatively Moderate,,,,,,,1.96156965
Texas,Stephens,,,Very Low,,,,,,,1.483762503
Texas,Sterling,,,Very Low,,,,,,,1.06782186
Texas,Stonewall,,,Very Low,,,,,,,1.305868864
Texas,Sutton,,,Very Low,,,,,,,1.659550309
Texas,Swisher,,,Relatively Low,,,,,,,1.474504437
Texas,Tarrant,,,Relatively High,,,,,,,1.191938731
Texas,Taylor,,,Relatively Moderate,,,,,,,1.178539834
Texas,Terrell,,,Very Low,,,,,,,1.008838773
Texas,Terry,,,Very Low,,,,,,,1.532447794
Texas,Throckmorton,,,Very Low,,,,,,,1.157464385
Texas,Titus,,,Relatively Low,,,,,,,1.499680373
Texas,Tom Green,,,Relatively Low,,,,,,,1.21176778
Texas,Travis,,,Relatively High,,,,,,,1.081842987
Texas,Trinity,,,Relatively Low,,,,,,,1.501672372
Texas,Tyler,,,Relatively Low,,,,,,,1.402023013
Texas,Upshur,,,Relatively Low,,,,,,,1.284401772
Texas,Upton,,,Very Low,,,,,,,1.266306581
Texas,Uvalde,,,Relatively Low,,,,,,,1.573305609
Texas,Val Verde,,,Relatively Low,,,,,,,1.539569894
Texas,Van Zandt,,,Relatively Low,,,,,,,1.258850134
Texas,Victoria,,,Relatively Moderate,,,,,,,1.396017991
Texas,Walker,,,Relatively Low,,,,,,,1.324808126
Texas,Waller,,,Relatively Low,,,,,,,1.283162065
Texas,Ward,,,Very Low,,,,,,,1.451706075
Texas,Washington,,,Relatively Low,,,,,,,1.29570942
Texas,Webb,,,Relatively Low,,,,,,,1.667774162
Texas,Wharton,,,Relatively Moderate,,,,,,,1.526994219
Texas,Wheeler,,,Relatively Low,,,,,,,1.513785973
Texas,Wichita,,,Relatively Low,,,,,,,1.242314663
Texas,Wilbarger,,,Relatively Low,,,,,,,1.384370662
Texas,Willacy,,,Relatively Moderate,,,,,,,1.801016903
Texas,Williamson,,,Relatively Moderate,,,,,,,0.9676327057
Texas,Wilson,,,Relatively Low,,,,,,,1.293454544
Texas,Winkler,,,Very Low,,,,,,,1.269915563
Texas,Wise,,,Relatively Low,,,,,,,1.222834507
Texas,Wood,,,Very Low,,,,,,,1.27825878
Texas,Yoakum,,,Relatively Low,,,,,,,1.482060197
Texas,Young,,,Relatively Low,,,,,,,1.263223235
Texas,Zapata,,,Very Low,,,,,,,1.963005828
Texas,Zavala,,,Very Low,,,,,,,1.829299919
,,,,,,,,,,,
,,,,,,,,,,,
STATE,COUNTY,,,RISK_RATNG,,,,,,,CRF_VALUE
Texas,Anderson,,,Relatively Low,,,,,,,1.370186479
Texas,Andrews,,,Very Low,,,,,,,1.308992364
Texas,Angelina,,,Relatively Low,,,,,,,1.499265329
Texas,Aransas,,,Relatively Moderate,,,,,,,1.181438352
Texas,Archer,,,Very Low,,,,,,,1.119484804
Texas,Armstrong,,,Very Low,,,,,,,1.051217079
Texas,Atascosa,,,Relatively Low,,,,,,,1.423911057
Texas,Austin,,,Relatively Low,,,,,,,1.399178234
Texas,Bailey,,,Relatively Low,,,,,,,1.431921547
Texas,Bandera,,,Relatively Low,,,,,,,1.251969827
Texas,Bastrop,,,Relatively Low,,,,,,,1.255466187
Texas,Baylor,,,Very Low,,,,,,,1.175141405
Texas,Bee,,,Relatively Low,,,,,,,1.518420627
Texas,Bell,,,Relatively Moderate,,,,,,,1.26963503
Texas,Bexar,,,Relatively High,,,,,,,1.343978911
Texas,Blanco,,,Very Low,,,,,,,1.197090092
Texas,Borden,,,Very Low,,,,,,,1.184193015
Texas,Bosque,,,Very Low,,,,,,,1.282077591
Texas,Bowie,,,Relatively Low,,,,,,,1.233238201
Texas,Brazoria,,,Relatively High,,,,,,,1.175315613
Texas,Brazos,,,Relatively Moderate,,,,,,,1.124262849
Texas,Brewster,,,Relatively Low,,,,,,,1.507428811
Texas,Briscoe,,,Very Low,,,,,,,1.268728018
Texas,Brooks,,,Relatively Low,,,,,,,1.819092141
Texas,Brown,,,Relatively Low,,,,,,,1.279149789
Texas,Burleson,,,Very Low,,,,,,,1.198012567
Texas,Burnet,,,Relatively Low,,,,,,,1.209411954
Texas,Caldwell,,,Relatively Low,,,,,,,1.429698021
Texas,Calhoun,,,Relatively Moderate,,,,,,,1.304761644
Texas,Callahan,,,Very Low,,,,,,,1.202625722
Texas,Cameron,,,Relatively High,,,,,,,1.635066161
Texas,Camp,,,Relatively Low,,,,,,,1.517074908
Texas,Carson,,,Relatively Low,,,,,,,0.9308361164
Texas,Cass,,,Relatively Low,,,,,,,1.418161875
Texas,Castro,,,Very Low,,,,,,,1.368035217
Texas,Chambers,,,Relatively Moderate,,,,,,,1.161559468
Texas,Cherokee,,,Relatively Low,,,,,,,1.496577975
Texas,Childress,,,Relatively Moderate,,,,,,,1.167697537
Texas,Clay,,,Very Low,,,,,,,1.112853811
Texas,Cochran,,,Very Low,,,,,,,1.851038694
Texas,Coke,,,Very Low,,,,,,,1.260135522
Texas,Coleman,,,Very Low,,,,,,,1.337520945
Texas,Collin,,,Relatively High,,,,,,,0.9708870508
Texas,Collingsworth,,,Very Low,,,,,,,1.860052824
Texas,Colorado,,,Relatively Low,,,,,,,1.422200457
Texas,Comal,,,Relatively Moderate,,,,,,,1.074323893
Texas,Comanche,,,Relatively Low,,,,,,,1.367670688
Texas,Concho,,,Very Low,,,,,,,1.451395631
Texas,Cooke,,,Relatively Moderate,,,,,,,1.255296203
Texas,Coryell,,,Relatively Low,,,,,,,1.233676682
Texas,Cottle,,,Very Low,,,,,,,1.582522869
Texas,Crane,,,Very Low,,,,,,,1.535809159
Texas,Crockett,,,Very Low,,,,,,,1.482809186
Texas,Crosby,,,Very Low,,,,,,,1.68280445
Texas,Culberson,,,Very Low,,,,,,,1.964412928
Texas,Dallam,,,Very Low,,,,,,,1.288926878
Texas,Dallas,,,Relatively High,,,,,,,1.309287598
Texas,Dawson,,,Very Low,,,,,,,1.436261598
Texas,Deaf Smith,,,Relatively Low,,,,,,,1.545842059
Texas,Delta,,,Very Low,,,,,,,1.124393521
Texas,Denton,,,Relatively High,,,,,,,0.9816322123
Texas,DeWitt,,,Relatively Moderate,,,,,,,1.442964461
Texas,Dickens,,,Very Low,,,,,,,1.640960574
Texas,Dimmit,,,Very Low,,,,,,,1.836818851
Texas,Donley,,,Very Low,,,,,,,1.062261055
Texas,Duval,,,Very Low,,,,,,,1.758804045
Texas,Eastland,,,Relatively Low,,,,,,,1.365085829
Texas,Ector,,,Relatively Moderate,,,,,,,1.423751257
Texas,Edwards,,,Very Low,,,,,,,1.407050848
Texas,Ellis,,,Relatively Low,,,,,,,1.17599788
Texas,El Paso,,,Relatively Moderate,,,,,,,1.596062711
Texas,Erath,,,Relatively Low,,,,,,,1.197237324
Texas,Falls,,,Very Low,,,,,,,1.556158905
Texas,Fannin,,,Relatively Low,,,,,,,1.261312096
Texas,Fayette,,,Relatively Low,,,,,,,1.151336986
Texas,Fisher,,,Very Low,,,,,,,1.202744563
Texas,Floyd,,,Relatively Low,,,,,,,1.45300753
Texas,Foard,,,Very Low,,,,,,,1.408149838
Texas,Fort Bend,,,Relatively High,,,,,,,1.04703664
Texas,Franklin,,,Very Low,,,,,,,1.085239778
Texas,Freestone,,,Very Low,,,,,,,1.341054424
Texas,Frio,,,Very Low,,,,,,,1.655351154
Texas,Gaines,,,Relatively Low,,,,,,,1.544177787
Texas,Galveston,,,Relatively High,,,,,,,1.116541538
Texas,Garza,,,Very Low,,,,,,,1.512656094
Texas,Gillespie,,,Relatively Low,,,,,,,1.255848038
Texas,Glasscock,,,Very Low,,,,,,,1.159043074
Texas,Goliad,,,Relatively Low,,,,,,,1.397799442
Texas,Gonzales,,,Relatively Moderate,,,,,,,1.590875891
Texas,Gray,,,Relatively Low,,,,,,,1.333889283
Texas,Grayson,,,Relatively Moderate,,,,,,,1.225624011
Texas,Gregg,,,Relatively Moderate,,,,,,,1.385096178
Texas,Grimes,,,Relatively Low,,,,,,,1.305538163
Texas,Guadalupe,,,Relatively Moderate,,,,,,,1.159287871
Texas,Hale,,,Relatively Low,,,,,,,1.51447147
Texas,Hall,,,Very Low,,,,,,,1.843733907
Texas,Hamilton,,,Very Low,,,,,,,1.309205664
Texas,Hansford,,,Very Low,,,,,,,1.50517185
Texas,Hardeman,,,Very Low,,,,,,,1.558315396
Texas,Hardin,,,Relatively Moderate,,,,,,,1.20611379
Texas,Harris,,,Very High,,,,,,,1.324294473
Texas,Harrison,,,Relatively Low,,,,,,,1.378974975
Texas,Hartley,,,Relatively Low,,,,,,,1.426300049
Texas,Haskell,,,Very Low,,,,,,,1.648881916
Texas,Hays,,,Relatively Moderate,,,,,,,1.241705956
Texas,Hemphill,,,Relatively Low,,,,,,,1.653835058
Texas,Henderson,,,Relatively Low,,,,,,,1.314917037
Texas,Hidalgo,,,Relatively High,,,,,,,1.74146618
Texas,Hill,,,Relatively Low,,,,,,,1.357958205
Texas,Hockley,,,Relatively Low,,,,,,,1.456906975
Texas,Hood,,,Relatively Low,,,,,,,1.113034728
Texas,Hopkins,,,Relatively Low,,,,,,,1.331545639
Texas,Houston,,,Very Low,,,,,,,1.411840612
Texas,Howard,,,Relatively Low,,,,,,,1.31964869
Texas,Hudspeth,,,Very Low,,,,,,,1.994027257
Texas,Hunt,,,Relatively Moderate,,,,,,,1.372750151
Texas,Hutchinson,,,Relatively Low,,,,,,,1.244402438
Texas,Irion,,,Very Low,,,,,,,1.120861173
Texas,Jack,,,Very Low,,,,,,,1.340526391
Texas,Jackson,,,Relatively Moderate,,,,,,,1.405231861
Texas,Jasper,,,Relatively Low,,,,,,,1.436210661
Texas,Jeff Davis,,,Very Low,,,,,,,1.326329827
Texas,Jefferson,,,Relatively High,,,,,,,1.33024067
Texas,Jim Hogg,,,Very Low,,,,,,,1.887621487
Texas,Jim Wells,,,Relatively Moderate,,,,,,,1.444647562
Texas,Johnson,,,Relatively Moderate,,,,,,,1.17369876
Texas,Jones,,,Very Low,,,,,,,1.300302223
Texas,Karnes,,,Relatively Low,,,,,,,1.324716408
Texas,Kaufman,,,Relatively Low,,,,,,,1.196787838
Texas,Kendall,,,Relatively Low,,,,,,,1.081237766
Texas,Kenedy,,,Very Low,,,,,,,1.688010454
Texas,Kent,,,Very Low,,,,,,,1.015855074
Texas,Kerr,,,Relatively Low,,,,,,,1.342804969
Texas,Kimble,,,Very Low,,,,,,,1.192402303
Texas,King,,,Very Low,,,,,,,1.121561408
Texas,Kinney,,,Very Low,,,,,,,1.540501714
Texas,Kleberg,,,Relatively Moderate,,,,,,,1.468875043
Texas,Knox,,,Very Low,,,,,,,1.479324098
Texas,Lamar,,,Relatively Low,,,,,,,1.344788345
Texas,Lamb,,,Relatively Low,,,,,,,1.562080449
Texas,Lampasas,,,Very Low,,,,,,,1.205359445
Texas,La Salle,,,Very Low,,,,,,,1.471834569
Texas,Lavaca,,,Relatively Low,,,,,,,1.252165233
Texas,Lee,,,Very Low,,,,,,,1.293983671
Texas,Leon,,,Very Low,,,,,,,1.337710019
Texas,Liberty,,,Relatively Moderate,,,,,,,1.508936038
Texas,Limestone,,,Very Low,,,,,,,1.516517755
Texas,Lipscomb,,,Very Low,,,,,,,1.489910028
Texas,Live Oak,,,Very Low,,,,,,,1.392638098
Texas,Llano,,,Relatively Low,,,,,,,1.168007734
Texas,Loving,,,Very Low,,,,,,,0.9210190177
Texas,Lubbock,,,Relatively High,,,,,,,1.168854949
Texas,Lynn,,,Very Low,,,,,,,1.388209235
Texas,McCulloch,,,Very Low,,,,,,,1.320704652
Texas,McLennan,,,Relatively Moderate,,,,,,,1.29479061
Texas,McMullen,,,Very Low,,,,,,,1.425833821
Texas,Madison,,,Very Low,,,,,,,1.447007138
Texas,Marion,,,Very Low,,,,,,,1.372615605
Texas,Martin,,,Very Low,,,,,,,1.181425289
Texas,Mason,,,Very Low,,,,,,,1.185099681
Texas,Matagorda,,,Relatively Moderate,,,,,,,1.349061349
Texas,Maverick,,,Relatively Low,,,,,,,1.887922638
Texas,Medina,,,Relatively Low,,,,,,,1.254019069
Texas,Menard,,,Very Low,,,,,,,1.597710609
Texas,Midland,,,Relatively Moderate,,,,,,,1.152801071
Texas,Milam,,,Relatively Low,,,,,,,1.460401296
Texas,Mills,,,Very Low,,,,,,,1.26213478
Texas,Mitchell,,,Very Low,,,,,,,1.357740542
Texas,Montague,,,Relatively Low,,,,,,,1.232552536
Texas,Montgomery,,,Relatively High,,,,,,,1.068129808
Texas,Moore,,,Relatively Low,,,,,,,1.342823274
Texas,Morris,,,Relatively Low,,,,,,,1.354720074
Texas,Motley,,,Very Low,,,,,,,1.285257459
Texas,Nacogdoches,,,Relatively Moderate,,,,,,,1.342729742
Texas,Navarro,,,Relatively Moderate,,,,,,,1.526001406
Texas,Newton,,,Very Low,,,,,,,1.423940792
Texas,Nolan,,,Relatively Low,,,,,,,1.456664551
Texas,Nueces,,,Relatively High,,,,,,,1.2601639
Texas,Ochiltree,,,Relatively Low,,,,,,,1.31541174
Texas,Oldham,,,Very Low,,,,,,,1.086815357
Texas,Orange,,,Relatively High,,,,,,,1.253792817
Texas,Palo Pinto,,,Relatively Low,,,,,,,1.256580271
Texas,Panola,,,Relatively Low,,,,,,,1.305276647
Texas,Parker,,,Relatively Moderate,,,,,,,1.07231275
Texas,Parmer,,,Relatively Low,,,,,,,1.54269445
Texas,Pecos,,,Very Low,,,,,,,1.400715977
Texas,Polk,,,Relatively Low,,,,,,,1.484538867
Texas,Potter,,,Relatively Moderate,,,,,,,1.405181516
Texas,Presidio,,,Very Low,,,,,,,1.979903476
Texas,Rains,,,Very Low,,,,,,,1.252484103
Texas,Randall,,,Relatively Moderate,,,,,,,1.033774267
Texas,Reagan,,,Very Low,,,,,,,1.364450693
Texas,Real,,,Very Low,,,,,,,1.591441154
Texas,Red River,,,Very Low,,,,,,,1.260822667
Texas,Reeves,,,Very Low,,,,,,,1.602355929
Texas,Refugio,,,Relatively Low,,,,,,,1.497252736
Texas,Roberts,,,Very Low,,,,,,,0.9429346919
Texas,Robertson,,,Very Low,,,,,,,1.37372746
Texas,Rockwall,,,Relatively Low,,,,,,,0.8619902938
Texas,Runnels,,,Very Low,,,,,,,1.206018934
Texas,Rusk,,,Relatively Low,,,,,,,1.392295237
Texas,Sabine,,,Very Low,,,,,,,1.319513332
Texas,San Augustine,,,Very Low,,,,,,,1.488805885
Texas,San Jacinto,,,Relatively Low,,,,,,,1.291545303
Texas,San Patricio,,,Relatively Moderate,,,,,,,1.39488005
Texas,San Saba,,,Very Low,,,,,,,1.390807697
Texas,Schleicher,,,Very Low,,,,,,,1.410475016
Texas,Scurry,,,Relatively Low,,,,,,,1.494836266
Texas,Shackelford,,,Very Low,,,,,,,1.499762177
Texas,Shelby,,,Relatively Low,,,,,,,1.652619858
Texas,Sherman,,,Very Low,,,,,,,1.453333616
Texas,Smith,,,Relatively Low,,,,,,,1.247759206
Texas,Somervell,,,Very Low,,,,,,,1.137885412
Texas,Starr,,,Relatively Moderate,,,,,,,1.96156965
Texas,Stephens,,,Very Low,,,,,,,1.483762503
Texas,Sterling,,,Very Low,,,,,,,1.06782186
Texas,Stonewall,,,Very Low,,,,,,,1.305868864
Texas,Sutton,,,Very Low,,,,,,,1.659550309
Texas,Swisher,,,Relatively Low,,,,,,,1.474504437
Texas,Tarrant,,,Relatively High,,,,,,,1.191938731
Texas,Taylor,,,Relatively Moderate,,,,,,,1.178539834
Texas,Terrell,,,Very Low,,,,,,,1.008838773
Texas,Terry,,,Very Low,,,,,,,1.532447794
Texas,Throckmorton,,,Very Low,,,,,,,1.157464385
Texas,Titus,,,Relatively Low,,,,,,,1.499680373
Texas,Tom Green,,,Relatively Low,,,,,,,1.21176778
Texas,Travis,,,Relatively High,,,,,,,1.081842987
Texas,Trinity,,,Relatively Low,,,,,,,1.501672372
Texas,Tyler,,,Relatively Low,,,,,,,1.402023013
Texas,Upshur,,,Relatively Low,,,,,,,1.284401772
Texas,Upton,,,Very Low,,,,,,,1.266306581
Texas,Uvalde,,,Relatively Low,,,,,,,1.573305609
Texas,Val Verde,,,Relatively Low,,,,,,,1.539569894
Texas,Van Zandt,,,Relatively Low,,,,,,,1.258850134
Texas,Victoria,,,Relatively Moderate,,,,,,,1.396017991
Texas,Walker,,,Relatively Low,,,,,,,1.324808126
Texas,Waller,,,Relatively Low,,,,,,,1.283162065
Texas,Ward,,,Very Low,,,,,,,1.451706075
Texas,Washington,,,Relatively Low,,,,,,,1.29570942
Texas,Webb,,,Relatively Low,,,,,,,1.667774162
Texas,Wharton,,,Relatively Moderate,,,,,,,1.526994219
Texas,Wheeler,,,Relatively Low,,,,,,,1.513785973
Texas,Wichita,,,Relatively Low,,,,,,,1.242314663
Texas,Wilbarger,,,Relatively Low,,,,,,,1.384370662
Texas,Willacy,,,Relatively Moderate,,,,,,,1.801016903
Texas,Williamson,,,Relatively Moderate,,,,,,,0.9676327057
Texas,Wilson,,,Relatively Low,,,,,,,1.293454544
Texas,Winkler,,,Very Low,,,,,,,1.269915563
Texas,Wise,,,Relatively Low,,,,,,,1.222834507
Texas,Wood,,,Very Low,,,,,,,1.27825878
Texas,Yoakum,,,Relatively Low,,,,,,,1.482060197
Texas,Young,,,Relatively Low,,,,,,,1.263223235
Texas,Zapata,,,Very Low,,,,,,,1.963005828
Texas,Zavala,,,Very Low,,,,,,,1.829299919